cnt,countryName,countryS,dist_km,stl_rtt_fraction,stl_rtt,min_rtt,trace_rtt,num_hops,tput_mbps,dl_mbps,ul_mbps,loss_rate
1245910,Australia,AU,8.5762942440715939,"[0.01,10.53,12.69,14.23,15.36,16.41,17.54,18.84,21.53,25.35,28.06,32.85,36.54,47.17,52.14,54.82,66.96,93.73,94.53,94.97,95.28,95.51,95.7,95.84,95.96,96.07,96.16,96.25,96.32,96.39,96.46,96.52,96.58,96.64,96.7,96.76,96.82,96.88,96.94,97.0,97.05,97.11,97.17,97.22,97.27,97.32,97.37,97.41,97.46,97.5,97.54,97.58,97.62,97.66,97.69,97.73,97.76,97.79,97.82,97.85,97.88,97.91,97.94,97.96,97.99,98.01,98.04,98.06,98.09,98.11,98.14,98.16,98.19,98.21,98.23,98.26,98.29,98.31,98.34,98.37,98.4,98.43,98.46,98.49,98.53,98.56,98.59,98.62,98.66,98.69,98.73,98.77,98.81,98.85,98.9,98.96,99.02,99.1,99.21,99.37,100.0]","[0.0069999999999978968,19.895,20.905,21.65,22.198,22.673000000000002,23.145999999999997,23.637,24.231,24.737000000000002,25.229,25.661,26.076999999999998,26.512999999999998,26.957,27.382,27.837999999999997,28.284000000000006,28.722,29.114,29.476,29.804,30.126,30.405,30.682,30.925000000000004,31.166,31.389,31.630000000000003,31.900999999999982,32.169,32.413999999999994,32.663,32.906,33.160999999999994,33.400999999999996,33.628,33.858999999999995,34.073,34.294,34.5,34.705,34.903999999999996,35.116000000000007,35.31,35.528999999999996,35.751000000000005,35.983,36.193999999999996,36.412,36.626,36.857,37.081999999999994,37.305,37.528,37.750999999999976,37.985,38.205,38.432,38.648,38.873,39.098000000000006,39.318000000000005,39.584,39.88,40.196,40.516999999999996,40.854,41.192,41.556,41.915,42.305,42.715,43.144,43.636,44.193000000000012,44.79,45.388,46.079,46.739,47.527,48.620000000000005,50.013,51.413000000000004,53.206999999999994,55.2,57.606,60.482,63.698000000000008,65.683,67.432,69.553,71.647,74.363,79.204000000000008,95.523,107.576,113.85700000000003,119.97500000000001,144.87,4294966.836]",39.292,0.855,5,12.69154801272353,51.595146374075512,5.22018242577079,1.7349249885571432e-05
35003,Belgium,BE,80.466413160238,"[0.05,13.68,18.43,22.55,27.24,33.96,46.18,54.38,59.33,60.76,61.66,62.42,63.04,63.57,64.15,64.64,65.1,65.55,65.96,66.35,66.8,67.22,67.64,68.05,68.41,68.77,69.08,69.36,69.62,69.9,70.13,70.37,70.6,70.86,71.11,71.32,71.58,71.77,71.99,72.2,72.41,72.6,72.79,72.98,73.16,73.35,73.54,73.73,73.93,74.12,74.29,74.46,74.62,74.79,74.95,75.11,75.27,75.43,75.59,75.77,75.93,76.08,76.25,76.4,76.55,76.7,76.85,77.0,77.15,77.3,77.46,77.62,77.77,77.93,78.12,78.29,78.48,78.68,78.87,79.05,79.24,79.45,79.65,79.88,80.08,80.31,80.56,80.81,81.12,81.44,81.76,82.12,82.54,82.99,83.52,84.23,85.0,86.04,87.46,90.95,99.75]","[0.028999999999996362,14.612000000000002,16.737000000000002,17.451,17.795,18.073999999999998,18.345999999999997,18.624,18.926000000000002,19.259999999999998,19.673,20.057000000000002,20.408,20.774,21.123,21.442,21.836000000000002,22.244,22.562000000000005,22.961000000000002,23.268,23.627000000000002,23.913999999999998,24.163,24.435000000000002,24.73,25.048000000000002,25.317,25.637,25.900999999999996,26.153,26.39,26.650999999999996,26.915000000000003,27.177000000000003,27.406,27.645,27.897,28.134,28.371999999999996,28.613,28.852999999999998,29.069,29.29,29.521,29.788,30.016000000000002,30.248999999999995,30.534,30.793999999999997,31.069000000000003,31.356,31.612000000000002,31.826999999999998,32.06,32.286,32.522999999999996,32.745999999999995,33.001000000000005,33.233,33.477000000000004,33.754,34.013999999999996,34.293,34.589999999999996,34.886,35.18,35.477,35.754,36.014,36.282,36.583,36.869,37.125,37.431,37.777,38.093,38.424,38.799,39.238,39.773,40.309,40.832,41.351,41.991,42.653,43.318,44.065,45.003999999999991,46.125,47.297000000000004,49.12,51.555000000000007,55.18,60.340999999999994,67.765,94.219,107.672,116.907,129.37300000000002,3330.484]",42.579,10.78,8,13.698996872231678,67.581376270290193,5.3781146224753975,4.4432503800805067e-05
233,Bulgaria,BG,6.8077360620022107,"[47.73,49.26,53.94,54.79,56.15,57.05,58.34,59.63,59.73,60.03,60.49,60.87,61.13,61.66,61.71,62.02,62.59,62.76,62.88,62.97,63.29,63.36,63.91,64.0,64.27,64.37,64.41,64.44,64.75,65.25,65.3,65.45,65.59,65.7,65.75,65.92,65.96,65.98,66.03,66.12,66.51,66.53,66.58,66.66,66.72,66.9,67.1,67.12,67.29,67.49,67.56,67.78,67.93,68.0,68.07,68.1,68.19,68.26,68.3,68.33,68.38,68.47,68.56,68.6,68.66,68.73,68.8,68.85,68.9,68.97,69.01,69.09,69.2,69.31,69.43,69.57,69.68,69.97,70.12,70.31,70.44,70.53,70.74,70.91,71.17,71.37,71.58,71.75,72.1,72.64,72.78,73.62,74.15,74.9,75.79,76.48,77.1,79.15,83.26,84.97,91.83]","[26.27,33.983000000000004,35.628,36.388,37.071,38.983999999999995,39.974999999999994,41.865000000000009,42.595000000000006,42.843,43.483000000000004,43.524999999999991,44.077999999999989,44.213,44.492,44.910999999999994,45.078999999999994,45.452999999999989,45.577999999999996,46.157999999999994,46.917,47.025999999999996,47.368,48.018,48.122,48.715,48.873999999999995,48.929,49.662000000000006,49.766999999999996,49.964,50.370999999999995,50.513999999999996,50.97699999999999,51.141000000000005,51.195000000000007,51.625,52.319999999999993,52.51100000000001,52.569999999999993,52.793,52.864999999999995,53.099000000000004,53.34,53.486,53.625,53.875,54.010000000000005,54.138000000000005,54.597,54.73,54.865,55.065,55.149,55.229000000000006,55.465,55.638000000000005,56.042,56.382,56.782,56.941,57.034,57.157000000000004,57.267999999999994,57.579999999999991,57.650999999999996,57.966,58.091,58.350000000000009,58.424000000000007,58.674000000000007,58.85,58.997,59.437,59.777999999999992,59.932,60.477000000000004,60.655,61.013999999999996,61.616,61.649,61.717999999999996,62.24499999999999,64.187999999999988,64.952,66.97399999999999,67.268999999999991,67.939,68.463,69.812,70.794,71.485,73.121,74.124,78.871,84.702,89.310999999999993,98.399999999999991,122.975,158.18699999999998,301.171]",81.281,26.359,6,9.3567232515658141,55.537107273427758,5.8312397184088924,0.0
775559,Brazil,BR,20.178826727688374,"[0.0,16.28,19.45,22.1,24.97,28.95,35.11,42.41,50.18,62.19,73.6,76.83,78.81,80.49,82.07,83.53,85.07,86.77,88.73,90.38,91.4,92.06,92.58,93.02,93.39,93.69,93.93,94.13,94.32,94.48,94.62,94.74,94.86,94.97,95.07,95.17,95.27,95.36,95.45,95.53,95.62,95.7,95.77,95.85,95.92,95.99,96.06,96.13,96.21,96.28,96.36,96.43,96.5,96.56,96.63,96.69,96.76,96.83,96.9,96.97,97.04,97.11,97.18,97.26,97.33,97.41,97.49,97.58,97.66,97.76,97.85,97.95,98.04,98.13,98.21,98.29,98.36,98.43,98.49,98.55,98.61,98.65,98.7,98.75,98.8,98.85,98.9,98.95,99.0,99.05,99.1,99.15,99.21,99.27,99.34,99.42,99.51,99.59,99.68,99.77,100.0]","[0.005000000000002558,17.88,18.765,19.628,20.394,21.19,21.857999999999997,22.409,22.825,23.255,23.651,23.991,24.343,24.658,24.951999999999998,25.225,25.503,25.820999999999998,26.181000000000004,26.555,26.923000000000002,27.372,27.783,28.192,28.605,28.985000000000003,29.347,29.695999999999998,30.022000000000006,30.339,30.619,30.903,31.246999999999996,31.601,31.924,32.268,32.675000000000004,33.092,33.510000000000005,33.961,34.410999999999994,34.853,35.341,35.799,36.253,36.778,37.287,37.769999999999996,38.266999999999996,38.685,39.156,39.719999999999985,40.287000000000006,40.881,41.489,42.178,42.919,43.774,44.679,45.548,46.498000000000005,47.602999999999994,48.943,50.353,51.807,53.371,55.09,57.099999999999994,59.0,61.233,63.503,65.783,68.246,70.793,73.417,76.035,78.574000000000012,80.464,82.477,84.282000000000011,86.201000000000008,88.191,90.539999999999992,93.508,96.714,100.45,104.839,109.462,114.921,120.943,126.80499999999999,132.13,138.226,144.017,150.585,158.701,170.44600000000003,188.535,214.434,286.46500000000003,4294966.991]",44.214,1.325,4,8.8525196554952821,26.354302977066734,4.7579607025576065,3.529876845900956e-05
2634170,Canada,CA,21.719276429089039,"[0.0,45.61,52.93,55.61,57.05,58.13,59.0,59.72,60.31,60.86,61.35,61.85,62.3,62.72,63.14,63.52,63.9,64.25,64.62,64.97,65.3,65.66,66.01,66.35,66.68,67.02,67.36,67.7,68.03,68.37,68.7,69.03,69.34,69.67,70.0,70.33,70.65,70.97,71.29,71.6,71.9,72.2,72.48,72.77,73.06,73.34,73.61,73.86,74.13,74.39,74.66,74.92,75.2,75.48,75.75,76.02,76.3,76.58,76.87,77.16,77.47,77.77,78.07,78.35,78.65,78.97,79.32,79.68,80.05,80.42,80.84,81.27,81.72,82.17,82.65,83.11,83.59,84.04,84.53,84.98,85.47,85.94,86.41,86.84,87.28,87.66,88.06,88.43,88.8,89.17,89.55,89.91,90.28,90.66,91.01,91.42,91.82,92.34,93.11,94.83,100.0]","[0.00099999999999766942,18.937,20.064,20.854000000000003,21.489,22.052999999999997,22.580000000000002,23.041,23.466,23.868,24.233999999999998,24.575999999999997,24.932,25.246000000000002,25.576,25.877000000000002,26.180000000000003,26.466,26.755,27.034,27.294,27.555999999999997,27.804999999999996,28.039,28.283000000000005,28.508999999999997,28.752999999999997,28.985999999999997,29.216999999999995,29.442999999999998,29.677,29.915,30.161,30.416,30.661999999999995,30.913000000000004,31.148999999999997,31.384,31.611999999999995,31.839000000000002,32.065999999999995,32.282,32.509,32.733000000000004,32.964,33.175999999999995,33.39,33.618,33.838000000000008,34.065999999999995,34.298999999999992,34.528999999999996,34.768,34.994,35.227,35.459,35.693,35.913000000000004,36.144,36.373,36.613,36.861000000000004,37.126999999999995,37.379000000000005,37.653999999999996,37.919000000000004,38.221999999999994,38.515,38.825999999999993,39.125,39.447,39.765,40.109,40.457,40.835,41.211,41.642,42.074,42.53,42.978,43.456,43.936,44.467,45.076,45.763999999999996,46.539,47.421,48.337,49.370000000000005,50.505,51.776999999999994,53.12,54.532000000000011,56.228999999999992,58.329000000000008,60.766999999999996,64.464,69.661,80.752,106.823,4294964.0709999995]",47.335,12.686,6,11.010649434360559,42.493291860852906,4.7748429081687753,0.00032527812145851683
85,Switzerland,CH,10.814521115165329,"[56.36,56.36,74.96,75.42,77.39,77.94,78.13,78.13,78.45,78.57,78.8,79.41,80.17,80.21,80.21,80.74,80.84,81.47,81.49,81.63,81.63,81.87,82.32,82.34,82.65,83.07,83.19,83.19,83.63,83.68,83.74,83.75,83.77,84.47,84.47,84.59,84.62,84.65,84.74,84.84,84.84,85.07,85.07,85.23,85.31,85.7,85.76,85.76,85.85,85.87,86.04,86.11,86.34,86.44,86.44,86.53,86.7,86.78,86.86,86.95,86.95,87.07,87.09,87.15,87.16,87.45,87.51,87.51,87.51,87.99,88.02,88.06,88.23,88.24,88.24,88.45,88.48,88.62,88.77,88.9,88.9,88.98,89.03,89.08,89.13,89.29,89.32,89.32,89.48,89.49,90.07,90.1,90.14,90.47,90.47,90.56,90.66,90.77,91.85,92.81,92.81]","[18.016,18.016,20.008000000000003,20.338,20.728,20.817,21.336,21.336,21.4,21.528000000000002,23.111,24.645999999999997,25.345,25.427,25.427,25.748,25.957,26.026000000000003,28.075999999999997,28.432000000000002,28.432000000000002,28.717,28.93,28.941000000000003,29.209,29.802999999999997,30.543,30.543,31.118,31.229000000000003,31.284000000000002,31.370000000000005,31.803000000000004,32.211,32.211,32.257999999999996,32.394,32.778999999999996,33.342999999999996,33.441,33.441,33.603,33.644999999999996,33.858999999999995,33.992000000000004,35.361000000000004,35.396,35.396,36.43,36.53,36.85,36.87,37.152,37.194999999999993,37.194999999999993,37.554,37.69,37.738,37.931,38.047,38.047,38.209999999999994,38.235,38.569,38.784,39.213,39.535,39.535,40.232,40.561,41.411,42.038999999999994,42.428,42.83,42.83,43.044,44.213,44.959,45.488,45.528,45.528,46.282,46.382999999999996,47.229,47.274,47.299,47.34,47.34,47.55,52.567,52.683,55.248999999999995,55.99,56.435,56.435,57.173,57.597,58.958,63.196,69.405,69.405]",42.679,5.837,5,7.07771424600574,44.430492518389656,5.5944508305204321,0.0
109598,Chile,CL,13.912383227991219,"[0.01,9.55,12.14,13.66,14.91,15.91,17.0,18.06,19.01,20.13,21.2,22.31,23.41,24.6,25.99,27.63,29.41,31.28,32.57,33.69,34.54,35.34,36.08,36.81,37.44,38.05,38.61,39.22,39.86,40.47,41.08,41.66,42.29,43.04,43.81,44.59,45.59,46.74,48.49,51.75,57.96,68.27,83.33,96.75,97.36,97.65,97.85,98.0,98.13,98.24,98.32,98.41,98.48,98.54,98.61,98.67,98.74,98.81,98.89,98.97,99.03,99.08,99.12,99.16,99.19,99.21,99.23,99.25,99.27,99.29,99.3,99.32,99.33,99.35,99.36,99.37,99.38,99.4,99.41,99.42,99.43,99.45,99.46,99.47,99.48,99.49,99.51,99.52,99.53,99.55,99.56,99.58,99.6,99.62,99.64,99.66,99.69,99.75,99.81,99.89,100.0]","[0.016999999999995907,15.189,18.610000000000014,19.822000000000003,20.874000000000002,21.560999999999993,22.09699999999998,22.507999999999996,22.865000000000009,23.23,23.525000000000006,23.785,24.082,24.427999999999997,24.708000000000002,24.973,25.236,25.504,25.764,25.988,26.222,26.434,26.638000000000005,26.855999999999998,27.069,27.282,27.484,27.674,27.834999999999994,28.036999999999992,28.254999999999995,28.485,28.695999999999998,28.903,29.094,29.299000000000007,29.506,29.709,29.88900000000001,30.084,30.266000000000005,30.459999999999994,30.632,30.801999999999992,30.963,31.145999999999994,31.315,31.471999999999998,31.633000000000003,31.776,31.915999999999997,32.145,32.384,32.621,32.828,33.067,33.288999999999994,33.531,33.776999999999994,33.999,34.236000000000004,34.481,34.74799999999999,34.989000000000004,35.253,35.501,35.74,35.958,36.271,36.59,36.882,37.184999999999995,37.535000000000004,37.897000000000006,38.309000000000026,38.69,39.076,39.453,39.802,40.349,40.939,41.562000000000005,42.311,43.144999999999996,44.016000000000005,45.214999999999996,46.726,48.003,50.355999999999995,53.004,56.135000000000005,60.025000000000006,64.921,71.766,80.579999999999984,91.960000000000008,107.319,130.09799999999998,184.769,293.65000000000003,4294967.15]",46.57,0.507,4,11.162705549550378,33.681292190186255,5.284367209530707,0.0
78968,Colombia,CO,11.614979647105233,"[0.21,13.39,14.5,15.27,15.97,16.55,17.11,17.64,18.22,18.81,19.42,20.13,20.84,21.6,22.45,23.34,24.21,25.13,26.16,27.34,28.65,30.12,31.7,33.57,36.05,38.49,41.24,44.04,47.08,50.53,54.38,58.84,64.96,75.97,90.27,91.19,91.69,92.03,92.35,92.63,92.89,93.16,93.44,93.72,93.97,94.2,94.48,94.74,95.0,95.26,95.52,95.77,96.02,96.25,96.49,96.71,96.93,97.14,97.34,97.53,97.71,97.89,98.05,98.22,98.37,98.53,98.66,98.75,98.84,98.91,98.98,99.04,99.08,99.12,99.17,99.21,99.25,99.28,99.32,99.34,99.37,99.4,99.42,99.45,99.47,99.49,99.51,99.53,99.55,99.58,99.61,99.64,99.66,99.7,99.74,99.78,99.81,99.84,99.87,99.9,100.0]","[0.041000000000000369,16.641,17.763999999999996,18.331,18.842,19.245,19.645,19.955000000000002,20.289,20.612,20.904,21.162000000000003,21.422,21.696000000000012,21.97399999999999,22.196,22.445999999999998,22.695999999999998,22.932,23.144000000000002,23.372000000000007,23.599999999999994,23.798999999999992,24.004,24.224,24.477,24.701999999999998,24.912999999999997,25.143000000000015,25.384,25.648,25.878999999999991,26.105999999999998,26.360000000000014,26.603,26.906,27.226,27.552999999999997,27.839000000000002,28.156000000000006,28.488999999999997,28.843999999999998,29.163,29.514999999999997,29.854,30.149,30.468,30.847999999999985,31.196,31.544,31.859,32.288999999999994,32.763,33.196,33.661,34.129,34.567,35.028999999999996,35.483000000000004,35.954999999999984,36.454,37.011,37.65,38.217,38.911,39.587,40.392,41.453999999999994,42.603,43.997,45.632000000000005,47.294000000000004,49.419999999999995,51.858000000000004,54.562000000000005,57.85,61.719000000000008,66.446000000000012,71.172,75.099,78.122,81.055,84.128,87.437,90.381,94.048,97.847000000000008,102.20200000000001,106.699,111.116,116.479,123.19999999999999,130.79500000000002,138.30100000000002,144.467,153.151,165.086,187.86599999999999,219.276,305.788,4294967.063]",59.0,1.865,5,6.3992636894247754,16.842608176865348,3.497823709685032,1.4912462357846078e-05
15682,Czechia,CZ,0.63500446699522151,"[0.25,14.37,18.19,22.23,26.34,31.25,53.91,56.72,58.61,60.91,62.29,63.27,64.37,65.14,66.04,66.76,67.45,68.11,68.78,69.37,69.81,70.2,70.51,70.86,71.14,71.49,71.85,72.17,72.51,72.8,73.12,73.44,73.68,73.95,74.21,74.45,74.74,74.99,75.28,75.55,75.78,76.0,76.26,76.53,76.77,77.02,77.33,77.62,77.91,78.19,78.42,78.66,78.9,79.17,79.39,79.63,79.84,80.12,80.38,80.63,80.8,81.06,81.28,81.56,81.82,82.05,82.31,82.5,82.7,82.89,83.07,83.27,83.46,83.66,83.86,84.02,84.22,84.38,84.53,84.7,84.85,85.03,85.18,85.36,85.53,85.69,85.89,86.11,86.37,86.64,86.95,87.26,87.63,88.08,88.92,90.52,93.44,94.61,94.94,95.28,100.0]","[0.097000000000001307,17.575000000000003,18.160999999999998,18.585,19.078,19.500999999999998,19.924999999999997,20.354,20.883,21.54,22.156000000000002,22.739999999999995,23.238,23.779000000000003,24.239,24.71,25.108000000000004,25.489,25.828,26.058999999999997,26.331999999999997,26.624000000000002,26.987000000000002,27.308999999999997,27.538000000000004,27.801000000000002,28.071,28.287000000000006,28.48,28.703999999999997,28.930999999999997,29.187,29.521,29.784999999999997,30.131,30.397999999999996,30.746,31.080000000000002,31.371,31.647,31.975,32.246,32.513,32.747,32.966,33.178,33.425,33.738,34.024,34.267,34.52,34.827999999999996,35.135000000000005,35.413,35.665,35.928000000000004,36.167,36.4,36.641,36.854,37.086,37.272,37.555000000000007,37.828,38.102000000000004,38.346000000000004,38.577999999999996,38.849000000000004,39.11,39.42,39.688,39.955,40.251,40.564,40.845,41.15,41.524,42.021999999999991,42.410000000000004,42.765,43.163,43.571,44.006,44.577,45.146,45.761,46.642,47.570000000000007,48.598,50.009,52.175000000000004,54.691,59.551999999999992,67.035,79.773,109.496,116.955,122.795,129.107,140.402,4294955.67]",44.979,7.23,6,14.137347064562436,48.452113599979263,6.7084944648619933,0.0
264842,Germany,DE,260.03481219406149,"[0.08,64.92,67.49,68.85,69.74,70.45,71.09,71.68,72.22,72.68,73.09,73.48,73.89,74.24,74.56,74.88,75.16,75.42,75.64,75.88,76.09,76.34,76.56,76.77,76.98,77.18,77.38,77.57,77.74,77.92,78.08,78.23,78.36,78.49,78.64,78.79,78.95,79.09,79.24,79.38,79.55,79.69,79.84,79.98,80.12,80.25,80.36,80.48,80.58,80.7,80.81,80.95,81.08,81.22,81.35,81.49,81.62,81.76,81.88,82.01,82.14,82.27,82.39,82.51,82.63,82.75,82.89,83.03,83.18,83.33,83.48,83.61,83.74,83.87,84.04,84.2,84.39,84.57,84.77,84.96,85.18,85.38,85.6,85.85,86.16,86.51,86.93,87.38,87.92,88.56,89.39,90.46,92.56,96.0,97.31,97.8,98.17,98.5,98.87,99.38,100.0]","[0.035000000000003695,16.845999999999997,17.581999999999997,18.099,18.516,18.933,19.371000000000002,19.798,20.226,20.764000000000003,21.265,21.802999999999997,22.275,22.677999999999997,23.046,23.374,23.68,23.99,24.246000000000002,24.526000000000003,24.822000000000003,25.092,25.343000000000004,25.621999999999996,25.89,26.146,26.4,26.671,26.909,27.135999999999996,27.363,27.583999999999996,27.813000000000002,28.033,28.250999999999998,28.45,28.687,28.908,29.130000000000003,29.348000000000003,29.589,29.825,30.065000000000005,30.295,30.553,30.79,31.028,31.248,31.451999999999998,31.678999999999995,31.899,32.120000000000005,32.294,32.544,32.793,33.04,33.283,33.565,33.861000000000004,34.174000000000007,34.436,34.730999999999995,35.011,35.308,35.580000000000005,35.863,36.122,36.382999999999996,36.669000000000004,36.951,37.233000000000004,37.514,37.848,38.14,38.464,38.785,39.12,39.407,39.745000000000005,40.088,40.43,40.872,41.355999999999995,41.944999999999993,42.602999999999994,43.274,43.985,44.709999999999994,45.518,46.452,47.543000000000006,48.708,50.614999999999995,52.861,56.032,59.431,64.213000000000008,70.98599999999999,88.208,134.32999999999998,4294966.978]",39.536,7.746,6,14.291094523744464,49.1527040372141,6.3988152189564964,1.7080758337844078e-05
107863,Spain,ES,12.098517560649224,"[0.03,12.76,18.75,24.12,36.4,45.56,49.93,54.14,59.66,64.84,70.1,78.66,93.61,94.79,95.2,95.51,95.74,95.92,96.08,96.22,96.34,96.45,96.56,96.67,96.77,96.86,96.94,97.02,97.09,97.16,97.23,97.3,97.36,97.42,97.48,97.53,97.59,97.63,97.67,97.72,97.75,97.79,97.82,97.86,97.89,97.92,97.95,97.98,98.01,98.03,98.06,98.09,98.11,98.13,98.16,98.18,98.2,98.22,98.24,98.26,98.29,98.31,98.33,98.35,98.37,98.39,98.41,98.43,98.45,98.47,98.49,98.51,98.53,98.56,98.58,98.6,98.62,98.64,98.67,98.69,98.71,98.74,98.76,98.79,98.81,98.84,98.87,98.9,98.93,98.97,99.01,99.05,99.1,99.17,99.24,99.32,99.42,99.52,99.59,99.67,100.0]","[0.0090000000000003411,8.259999999999998,17.232,18.192999999999998,18.606,18.96,19.276,19.548000000000002,19.909,20.331,20.695,21.051,21.463,21.845,22.194000000000003,22.487,22.761,23.011000000000003,23.234,23.433,23.586000000000013,23.8,24.042,24.276,24.487000000000002,24.686,24.883,25.070999999999998,25.272,25.448999999999998,25.616999999999997,25.767999999999997,25.933,26.084999999999997,26.214000000000002,26.358999999999998,26.544,26.724,26.898,27.062,27.224999999999998,27.385,27.532,27.691,27.895,28.109,28.307,28.502,28.706000000000003,28.904,29.103,29.322999999999997,29.529000000000003,29.741,29.959999999999994,30.148999999999997,30.326999999999998,30.517000000000003,30.698999999999998,30.878999999999998,31.043,31.22,31.392,31.542,31.744000000000003,32.010000000000005,32.29,32.565000000000005,32.837,33.158,33.544999999999995,33.909,34.260999999999996,34.639,35.061,35.486,35.986,36.583,37.282,38.111,38.916999999999994,39.68,40.972999999999985,42.449000000000005,44.314,46.404,48.547999999999995,50.924,53.427,56.001,58.925,62.633999999999993,67.457000000000008,74.502,85.418,102.92,122.203,129.976,138.407,174.63199999999998,4294966.866]",30.734,0.564,4,14.766768197718665,49.255286425990036,7.7382584211242031,0.0
8,Finland,FI,15.372264439046642,"[54.82,54.82,54.82,54.82,54.82,54.82,54.82,54.82,54.82,54.82,54.82,54.82,54.82,58.77,58.77,58.77,58.77,58.77,58.77,58.77,58.77,58.77,58.77,58.77,58.77,58.77,59.5,59.5,59.5,59.5,59.5,59.5,59.5,59.5,59.5,59.5,59.5,59.5,59.97,59.97,59.97,59.97,59.97,59.97,59.97,59.97,59.97,59.97,59.97,59.97,59.97,60.77,60.77,60.77,60.77,60.77,60.77,60.77,60.77,60.77,60.77,60.77,60.77,64.83,64.83,64.83,64.83,64.83,64.83,64.83,64.83,64.83,64.83,64.83,64.83,64.83,64.91,64.91,64.91,64.91,64.91,64.91,64.91,64.91,64.91,64.91,64.91,64.91,68.36,68.36,68.36,68.36,68.36,68.36,68.36,68.36,68.36,68.36,68.36,68.36,68.36]","[39.925,39.925,39.925,39.925,39.925,39.925,39.925,39.925,39.925,39.925,39.925,39.925,39.925,46.916000000000004,46.916000000000004,46.916000000000004,46.916000000000004,46.916000000000004,46.916000000000004,46.916000000000004,46.916000000000004,46.916000000000004,46.916000000000004,46.916000000000004,46.916000000000004,46.916000000000004,48.339000000000006,48.339000000000006,48.339000000000006,48.339000000000006,48.339000000000006,48.339000000000006,48.339000000000006,48.339000000000006,48.339000000000006,48.339000000000006,48.339000000000006,48.339000000000006,49.365999999999993,49.365999999999993,49.365999999999993,49.365999999999993,49.365999999999993,49.365999999999993,49.365999999999993,49.365999999999993,49.365999999999993,49.365999999999993,49.365999999999993,49.365999999999993,49.365999999999993,51.046,51.046,51.046,51.046,51.046,51.046,51.046,51.046,51.046,51.046,51.046,51.046,55.394999999999996,55.394999999999996,55.394999999999996,55.394999999999996,55.394999999999996,55.394999999999996,55.394999999999996,55.394999999999996,55.394999999999996,55.394999999999996,55.394999999999996,55.394999999999996,55.394999999999996,61.280000000000008,61.280000000000008,61.280000000000008,61.280000000000008,61.280000000000008,61.280000000000008,61.280000000000008,61.280000000000008,61.280000000000008,61.280000000000008,61.280000000000008,61.280000000000008,71.095,71.095,71.095,71.095,71.095,71.095,71.095,71.095,71.095,71.095,71.095,71.095,71.095]",82.32,32.909,5,7.3090512333263771,54.875866087470072,6.0175539014691983,4.8313152541204484e-05
279656,France,FR,5.1718787975522664,"[0.04,21.42,30.2,40.27,45.79,48.66,50.68,52.19,53.52,54.71,55.62,56.55,57.42,58.24,59.11,59.85,60.68,61.46,62.27,62.98,63.78,64.58,65.45,66.26,67.13,68.0,68.84,69.62,70.46,71.25,72.0,72.63,73.24,73.73,74.19,74.59,74.94,75.32,75.64,75.96,76.24,76.53,76.81,77.09,77.34,77.57,77.81,78.03,78.24,78.45,78.67,78.87,79.08,79.28,79.47,79.68,79.88,80.1,80.3,80.52,80.73,80.93,81.15,81.36,81.58,81.82,82.05,82.3,82.57,82.83,83.13,83.42,83.72,84.03,84.31,84.59,84.84,85.06,85.28,85.48,85.68,85.87,86.04,86.22,86.39,86.56,86.73,86.91,87.1,87.27,87.48,87.7,87.92,88.18,88.47,88.8,89.23,89.87,90.89,93.06,100.0]","[0.017000000000003013,16.520999999999997,18.316999999999997,19.261,19.938000000000002,20.524,20.995,21.449999999999996,21.885999999999996,22.271,22.648,22.968999999999998,23.312999999999995,23.609,23.895,24.166,24.436,24.72,24.956999999999997,25.201999999999998,25.444000000000003,25.702999999999996,25.927,26.168000000000003,26.381,26.616000000000003,26.857999999999997,27.091000000000005,27.324999999999996,27.575,27.810000000000002,28.043000000000003,28.299,28.549000000000003,28.798,29.053999999999995,29.294000000000004,29.559999999999995,29.823000000000004,30.086000000000002,30.358,30.633000000000003,30.918999999999997,31.230000000000004,31.552999999999997,31.86,32.19,32.498,32.827999999999996,33.171,33.565999999999995,34.009,34.43,34.887,35.333,35.829,36.333,36.882000000000005,37.404,38.016000000000005,38.577000000000005,39.159000000000006,39.717999999999996,40.235,40.697,41.182,41.677,42.222,42.714,43.245,43.709,44.232,44.708,45.202,45.699,46.208,46.696000000000005,47.198,47.757,48.317,48.895,49.469,50.151,50.812,51.543,52.239,52.989000000000004,53.785,54.719000000000008,55.74,56.858,58.09,59.384999999999991,60.881,62.919000000000004,65.837,70.19,82.674,104.755,128.31300000000002,4294960.719]",47.352,9.091,6,13.02171124751754,58.776788957857349,5.9359897306156419,4.3419003024549909e-05
1044189,United Kingdom,GB,25.192481147085893,"[0.0,19.32,28.61,49.33,65.86,80.14,93.47,94.69,95.64,96.37,97.17,97.82,98.01,98.13,98.21,98.28,98.33,98.38,98.42,98.46,98.49,98.52,98.55,98.58,98.6,98.62,98.65,98.67,98.69,98.7,98.72,98.74,98.76,98.77,98.79,98.81,98.82,98.84,98.85,98.87,98.88,98.89,98.91,98.92,98.93,98.95,98.96,98.97,98.99,99.0,99.01,99.03,99.04,99.05,99.07,99.08,99.09,99.11,99.12,99.13,99.14,99.16,99.17,99.18,99.19,99.2,99.22,99.23,99.24,99.25,99.26,99.27,99.28,99.29,99.3,99.31,99.32,99.33,99.34,99.35,99.36,99.37,99.38,99.39,99.4,99.42,99.43,99.44,99.45,99.46,99.48,99.5,99.51,99.54,99.56,99.6,99.64,99.71,99.79,99.85,100.0]","[0.0010000000000012221,18.48599999999999,19.792,20.384,20.846,21.241,21.601,21.875,22.125,22.344,22.534,22.717000000000002,22.894000000000002,23.081,23.256,23.427,23.585,23.73,23.878,24.066,24.255000000000003,24.433,24.59,24.735000000000003,24.869999999999997,25.004,25.131,25.254,25.380000000000003,25.506,25.626,25.741999999999997,25.851999999999997,25.97,26.086000000000002,26.199,26.311,26.421,26.532,26.653,26.774,26.902,27.04,27.167,27.301,27.427,27.55,27.666,27.788,27.921,28.081,28.251,28.424999999999997,28.598999999999997,28.761000000000003,28.930999999999997,29.093,29.268,29.437,29.604,29.759,29.919,30.080000000000002,30.236,30.391,30.553,30.714000000000002,30.88,31.056,31.238,31.411,31.579,31.735,31.927,32.184000000000005,32.444,32.699,32.955,33.236999999999995,33.593,33.985,34.399,34.868,35.382000000000005,35.929,36.65,37.365,38.297,39.242999999999995,40.19,41.774,43.644999999999996,45.931000000000004,48.348,51.77,56.441,65.277,89.071,98.237,108.069,4294967.17]",28.907,0.292,5,13.812129862447271,62.356482939312343,5.6506120809953924,1.5165500171235045e-05
1261,Greece,GR,19.086849498425771,"[3.82,26.79,43.73,44.86,47.0,48.21,48.9,49.49,50.15,50.74,51.08,51.37,51.74,52.04,52.37,52.63,52.84,53.15,53.29,53.58,53.88,53.98,54.19,54.38,54.69,54.89,55.07,55.27,55.46,55.63,55.78,55.9,56.19,56.36,56.51,56.69,56.89,57.1,57.21,57.34,57.47,57.59,57.72,57.82,57.98,58.05,58.16,58.22,58.32,58.44,58.54,58.64,58.74,58.82,58.95,59.09,59.16,59.21,59.31,59.37,59.43,59.5,59.62,59.79,59.91,59.98,60.08,60.19,60.27,60.34,60.42,60.5,60.62,60.76,60.86,61.04,61.16,61.29,61.5,61.64,61.79,61.92,62.14,62.26,62.39,62.52,62.74,62.93,63.12,63.42,63.63,63.83,64.13,64.35,65.01,65.58,66.53,67.87,69.15,72.12,97.85]","[3.6440000000000055,25.608999999999995,32.602,34.903999999999996,36.141000000000005,37.297999999999995,37.921000000000006,38.761999999999993,39.455000000000005,39.848000000000006,40.231,40.757999999999996,41.097,41.416,42.194,42.561,42.864999999999995,43.37,43.763000000000005,44.516000000000005,45.141000000000005,45.549,45.988,46.521,47.015,47.194,47.671000000000006,47.884999999999991,48.489000000000004,48.82200000000001,49.088,49.433,49.657000000000004,49.998999999999995,50.251000000000005,50.44,50.712,50.941,51.195000000000007,51.42,51.576,51.795,51.91,52.209,52.403,52.698,52.853,52.983999999999995,53.214,53.376,53.502999999999993,53.69,54.037,54.199,54.413,54.609,54.894000000000005,55.080000000000005,55.324999999999996,55.468999999999994,55.639999999999993,55.883,56.022,56.214999999999996,56.396999999999991,56.596,56.890999999999991,57.068999999999996,57.297,57.588000000000008,57.927000000000007,58.398999999999994,58.609,58.827,59.345000000000006,59.516000000000005,59.859,60.196000000000005,60.605,60.996000000000009,61.359999999999992,61.661,61.940000000000005,62.291999999999994,62.62299999999999,62.843999999999994,63.35,63.688,64.327,65.074999999999989,65.364,66.051,67.411,68.37299999999999,69.789,72.739,76.27,81.24199999999999,86.44,99.915,2023.1079999999997]",91.76,37.385,11,19.701978593279204,68.844894168685528,4.7957087202469317,0.0025975529874356649
23,Indonesia,ID,22.949199981166931,"[3.27,3.27,3.27,3.27,3.27,58.1,58.1,58.1,58.1,58.15,58.15,58.15,58.15,58.15,58.41,58.41,58.41,58.41,58.51,58.51,58.51,58.51,59.05,59.05,59.05,59.05,59.05,59.1,59.1,59.1,59.1,59.66,59.66,59.66,59.66,60.27,60.27,60.27,60.27,60.27,60.45,60.45,60.45,60.45,60.84,60.84,60.84,60.84,61.36,61.36,61.36,61.36,61.36,61.5,61.5,61.5,61.5,61.69,61.69,61.69,61.69,65.7,65.7,65.7,65.7,65.7,66.36,66.36,66.36,66.36,69.81,69.81,69.81,69.81,70.09,70.09,70.09,70.09,70.09,70.16,70.16,70.16,70.16,70.75,70.75,70.75,70.75,70.84,70.84,70.84,70.84,70.84,76.28,76.28,76.28,76.28,85.34,85.34,85.34,85.34,85.34]","[1.7139999999999986,1.7139999999999986,1.7139999999999986,1.7139999999999986,1.7139999999999986,37.803999999999988,37.803999999999988,37.803999999999988,37.803999999999988,37.836999999999996,37.836999999999996,37.836999999999996,37.836999999999996,37.836999999999996,37.993,37.993,37.993,37.993,38.769999999999996,38.769999999999996,38.769999999999996,38.769999999999996,39.403999999999996,39.403999999999996,39.403999999999996,39.403999999999996,39.403999999999996,40.89,40.89,40.89,40.89,41.943,41.943,41.943,41.943,43.006999999999991,43.006999999999991,43.006999999999991,43.006999999999991,43.006999999999991,43.943,43.943,43.943,43.943,44.295,44.295,44.295,44.295,45.541,45.541,45.541,45.541,45.541,46.297,46.297,46.297,46.297,47.006,47.006,47.006,47.006,51.399999999999991,51.399999999999991,51.399999999999991,51.399999999999991,51.399999999999991,58.399,58.399,58.399,58.399,62.775999999999996,62.775999999999996,62.775999999999996,62.775999999999996,63.033,63.033,63.033,63.033,63.033,65.060999999999993,65.060999999999993,65.060999999999993,65.060999999999993,66.877999999999986,66.877999999999986,66.877999999999986,66.877999999999986,68.788000000000011,68.788000000000011,68.788000000000011,68.788000000000011,68.788000000000011,116.831,116.831,116.831,116.831,172.26000000000002,172.26000000000002,172.26000000000002,172.26000000000002,172.26000000000002]",74.047,28.355,4,10.851986347969975,69.875242584086479,4.7631781048104527,0.0
97900,Ireland,IE,10.625166141680481,"[0.27,66.07,67.68,68.25,68.71,69.07,69.33,69.56,69.77,69.97,70.15,70.28,70.39,70.49,70.58,70.68,70.78,70.86,70.95,71.04,71.12,71.2,71.28,71.36,71.43,71.5,71.57,71.63,71.71,71.79,71.88,71.98,72.08,72.17,72.26,72.35,72.44,72.53,72.61,72.7,72.78,72.88,72.98,73.08,73.17,73.27,73.36,73.47,73.57,73.67,73.77,73.86,73.95,74.04,74.13,74.22,74.3,74.37,74.44,74.51,74.59,74.68,74.79,74.89,75.0,75.11,75.22,75.33,75.46,75.59,75.71,75.83,75.94,76.04,76.15,76.26,76.39,76.53,76.67,76.81,76.98,77.18,77.39,77.65,77.95,78.28,78.62,78.99,79.58,80.35,81.26,82.38,83.63,84.93,86.52,89.39,96.51,99.44,99.52,99.59,100.0]","[0.1010000000000062,21.912,22.839,23.307000000000002,23.756,24.017000000000003,24.201999999999998,24.345999999999997,24.459999999999997,24.564999999999998,24.676,24.775999999999996,24.870000000000005,24.976,25.07,25.169,25.264999999999997,25.358999999999998,25.450999999999997,25.540999999999997,25.629,25.714,25.782000000000004,25.865000000000002,25.967,26.084,26.212999999999994,26.346,26.476,26.606,26.731,26.839,26.945,27.055,27.164,27.281999999999996,27.416,27.552,27.685000000000002,27.805999999999997,27.929000000000002,28.054000000000002,28.187,28.307000000000002,28.439999999999998,28.576,28.712,28.83,28.951,29.071000000000005,29.186000000000003,29.311999999999998,29.424,29.537,29.654,29.741,29.822,29.932999999999996,30.083,30.244999999999997,30.418,30.6,30.783,30.961999999999996,31.14,31.345000000000002,31.592,31.808000000000003,32.003,32.174,32.343999999999994,32.493,32.656,32.841,33.065,33.275000000000006,33.522,33.751000000000005,34.0,34.335,34.688,35.042,35.467999999999996,35.881,36.349000000000004,36.831,37.361999999999995,37.907000000000004,38.762,39.708,40.85,42.125,43.623999999999995,45.835,48.787000000000006,52.497,57.297999999999995,63.926999999999992,75.423,104.22300000000001,4294957.098]",39.46,10.217,11,18.195580382462786,54.902917403922714,7.161599592986212,1.5406080649186068e-05
200292,Italy,IT,478.68062728155553,"[0.01,17.25,24.55,36.25,46.44,50.94,54.3,57.02,59.2,60.93,62.5,63.85,65.05,65.99,66.89,67.68,68.39,69.12,69.77,70.41,71.03,71.59,72.1,72.58,73.07,73.53,73.9,74.24,74.5,74.75,74.99,75.25,75.48,75.73,76.0,76.26,76.5,76.74,76.98,77.19,77.42,77.66,77.88,78.1,78.35,78.58,78.8,79.02,79.23,79.45,79.66,79.86,80.06,80.27,80.47,80.65,80.81,80.97,81.13,81.3,81.47,81.66,81.86,82.06,82.28,82.48,82.68,82.87,83.07,83.26,83.45,83.65,83.86,84.03,84.21,84.41,84.58,84.74,84.9,85.06,85.21,85.37,85.54,85.69,85.84,86.0,86.17,86.35,86.54,86.72,86.9,87.1,87.3,87.53,87.78,88.08,88.42,88.86,89.47,91.21,100.0]","[0.0030000000000001137,16.619,18.913999999999998,20.548000000000002,22.039,23.087000000000003,24.058999999999997,24.935000000000002,25.727000000000004,26.216,26.617000000000004,26.978,27.339,27.776,28.176000000000002,28.614,29.062,29.502,29.929000000000002,30.336,30.712000000000003,31.054000000000002,31.473999999999997,31.930999999999997,32.361,32.787000000000006,33.23,33.668,34.092999999999996,34.5,34.894000000000005,35.293,35.736000000000004,36.118,36.527,36.955999999999996,37.34,37.72,38.064,38.399,38.708,39.007999999999996,39.372,39.8,40.215999999999994,40.658,41.123999999999995,41.599000000000004,42.086,42.536,42.973,43.387,43.839,44.251,44.705999999999996,45.19,45.678999999999995,46.161,46.656000000000006,47.076,47.580999999999996,48.069,48.573,49.083,49.574999999999996,50.028999999999996,50.485,50.896,51.318,51.793000000000006,52.263000000000005,52.734,53.212,53.691,54.144999999999996,54.603,55.036,55.617000000000004,56.158,56.756,57.348,57.976,58.635999999999996,59.248,59.94,60.648,61.467,62.399,63.307,64.389,65.72399999999999,67.245,69.229,71.969,76.848,91.062,124.81600000000002,135.937,146.861,162.86599999999999,4294958.43]",55.886,9.224,6,12.623386789597173,48.84424923241999,5.8113055169582752,4.3752928926155138e-05
48484,Japan,JP,17.283847873624328,"[0.02,6.04,8.2,9.66,10.84,11.83,12.8,13.83,14.96,16.18,17.4,18.9,20.56,22.51,24.73,27.8,31.28,34.37,36.3,38.03,39.83,42.84,45.46,49.51,55.29,70.58,77.08,80.81,88.69,90.69,91.64,92.24,92.67,93.08,93.39,93.66,93.91,94.13,94.34,94.54,94.74,94.91,95.08,95.24,95.4,95.55,95.71,95.87,96.03,96.19,96.35,96.51,96.66,96.82,96.96,97.09,97.2,97.3,97.39,97.47,97.54,97.61,97.67,97.74,97.79,97.84,97.89,97.94,97.98,98.01,98.05,98.09,98.13,98.17,98.2,98.24,98.28,98.31,98.35,98.39,98.43,98.47,98.51,98.56,98.61,98.68,98.75,98.85,98.95,99.04,99.1,99.16,99.23,99.28,99.35,99.42,99.51,99.61,99.67,99.73,99.99]","[0.042999999999977945,8.1360000000000241,16.756,18.757,19.622,20.195999999999998,20.652,21.099,21.543000000000006,21.967,22.336000000000013,22.72,23.123999999999995,23.414,23.741999999999997,24.083,24.436,24.765,25.103,25.415,25.715,26.006,26.294,26.667,26.982,27.330000000000002,27.629,27.991000000000003,28.35,28.689,29.012,29.354,29.645,29.922,30.147,30.386,30.630000000000003,30.884999999999991,31.145,31.375,31.590000000000003,31.926999999999996,32.253,32.58,32.862,33.177,33.521,33.839,34.138999999999996,34.469,34.836000000000006,35.157999999999994,35.474000000000018,35.817000000000007,36.201,36.557,36.952999999999996,37.460999999999984,37.982,38.596000000000004,39.215,39.914,40.91,41.96,43.295999999999992,44.736000000000004,46.328,48.322,51.254000000000005,55.218999999999994,59.328000000000031,62.837999999999994,66.026,68.072,70.032,71.791,73.884,76.194,78.962,82.727,86.435,90.035000000000011,93.116999999999962,96.930999999999983,100.47,104.331,108.57,114.46499999999997,122.725,131.098,139.978,152.90599999999998,164.58,171.97,179.515,188.42000000000002,200.983,226.532,248.151,279.456,4294736.25]",42.152,1.455,4,11.628062284713568,47.59704938627052,5.1070165726409025,0.0
7669,Kenya,KE,12.867834976422991,"[0.95,17.51,19.62,20.64,21.53,22.37,23.19,23.98,24.63,25.19,25.76,26.24,26.68,27.2,27.62,27.95,28.31,28.71,29.04,29.41,29.69,30.09,30.41,30.78,31.12,31.42,31.74,32.04,32.37,32.66,32.96,33.34,33.62,33.91,34.23,34.53,34.85,35.08,35.34,35.59,35.86,36.15,36.5,36.83,37.09,37.38,37.6,37.86,38.16,38.53,38.83,39.16,39.46,39.78,40.09,40.45,40.81,41.12,41.43,41.72,42.03,42.32,42.65,43.03,43.38,43.78,44.18,44.59,45.02,45.42,45.79,46.11,46.5,46.91,47.27,47.71,48.13,48.54,49.0,49.46,49.88,50.37,50.95,51.53,52.02,52.59,53.2,53.77,54.41,55.06,55.74,56.44,57.37,58.14,58.92,59.9,61.11,62.28,64.12,68.43,100.0]","[3.1859999999999786,41.382000000000005,45.14500000000001,47.324999999999989,49.082000000000022,50.417,51.587999999999994,52.809999999999974,53.918999999999983,55.216000000000008,56.268,57.332000000000022,58.728999999999985,59.947,61.061999999999983,62.091999999999985,63.053,64.03400000000002,65.097000000000008,66.186,67.191999999999979,68.158999999999963,69.210999999999984,70.385000000000019,71.388,72.287,73.234999999999985,74.166,75.342999999999989,76.174,77.013999999999982,78.210000000000008,79.197,80.261,81.326,82.330000000000013,83.399,84.538000000000011,85.460999999999984,86.411999999999978,87.615000000000038,88.551000000000016,89.66500000000002,90.717999999999961,91.965000000000032,92.939,94.133999999999986,95.255,96.425999999999988,97.491000000000014,98.700000000000017,99.765999999999991,101.125,102.38400000000001,103.62799999999999,105.007,106.477,107.64699999999999,109.132,110.55000000000001,112.02000000000001,113.44400000000002,114.63900000000001,116.11000000000001,117.76599999999999,119.25900000000001,120.75399999999999,122.27600000000001,124.219,126.19999999999999,128.00400000000002,129.842,132.134,134.11,135.957,138.267,140.91699999999997,143.37500000000003,145.489,147.92600000000002,150.225,153.16500000000002,155.597,158.76900000000003,162.01700000000002,165.424,168.826,172.44099999999997,175.73300000000003,179.96800000000002,184.26,189.359,193.618,199.90200000000002,206.07999999999998,214.15,222.237,236.526,258.92499999999995,309.03499999999997,4294770.205]",262.59,135.399,12,3.2626198829380133,15.400469965290087,1.5827578093518402,7.17539270824634e-05
648753,Mexico,MX,6.4396629762998518,"[0.01,14.46,18.13,20.17,21.68,22.9,23.93,24.86,25.72,26.52,27.28,27.98,28.61,29.24,29.82,30.39,30.9,31.4,31.86,32.29,32.73,33.16,33.59,34.02,34.41,34.82,35.24,35.64,36.06,36.45,36.86,37.28,37.72,38.16,38.61,39.03,39.47,39.92,40.35,40.82,41.26,41.71,42.15,42.56,43.02,43.45,43.88,44.33,44.75,45.17,45.59,46.03,46.45,46.9,47.34,47.8,48.27,48.71,49.17,49.59,50.04,50.49,50.97,51.44,51.93,52.39,52.86,53.35,53.84,54.33,54.83,55.32,55.84,56.34,56.84,57.35,57.9,58.45,59.02,59.58,60.2,60.83,61.54,62.2,62.96,63.69,64.49,65.28,66.11,66.97,67.87,68.9,70.0,71.33,72.87,74.91,77.59,81.14,86.33,91.26,100.0]","[0.0069999999999978968,11.428999999999995,15.691000000000003,17.881,19.147000000000006,20.004999999999995,20.696,21.296,21.834,22.305000000000007,22.72399999999999,23.138999999999996,23.488999999999997,23.834999999999994,24.158,24.490000000000002,24.79,25.099999999999994,25.395999999999997,25.718000000000004,26.001000000000005,26.292000000000009,26.563999999999993,26.846,27.128,27.409,27.690000000000005,27.968000000000004,28.262,28.55,28.83,29.129,29.410000000000004,29.707000000000008,30.011999999999997,30.303000000000004,30.612000000000002,30.928000000000011,31.258000000000003,31.582999999999991,31.909000000000006,32.242000000000004,32.595,32.979,33.326,33.708999999999996,34.083999999999996,34.452,34.839,35.245,35.620999999999995,36.032000000000004,36.434,36.832,37.251000000000005,37.664,38.095,38.534000000000006,38.992,39.461000000000006,39.938999999999993,40.441,40.964,41.503,42.076000000000008,42.638000000000005,43.233000000000004,43.833999999999989,44.488,45.131,45.844999999999992,46.542999999999992,47.322,48.071,48.894000000000005,49.776999999999994,50.682,51.664,52.73599999999999,53.876999999999995,55.132000000000005,56.419,57.808,59.312,60.983000000000004,62.695,64.597,66.693000000000012,69.072,71.766,74.863,78.395,82.706,87.733,94.204,103.196,116.22999999999999,135.99200000000002,181.342,300.443,4294941.623]",83.674,50.591,8,4.9964382296682279,15.316684485955754,2.6171772226273036,0.00020679665047971393
6672,Mozambique,MZ,6.2376150791597613,"[0.34,14.03,16.4,17.27,17.9,18.64,19.32,19.87,20.47,21.0,21.54,22.02,22.54,23.16,23.62,23.99,24.49,24.92,25.31,25.68,26.13,26.48,26.93,27.24,27.57,27.91,28.27,28.59,28.9,29.14,29.46,29.82,30.23,30.58,30.91,31.35,31.72,32.09,32.45,32.84,33.21,33.58,33.97,34.34,34.7,35.05,35.44,35.81,36.16,36.51,36.89,37.31,37.72,38.22,38.68,39.06,39.56,40.04,40.41,40.86,41.49,42.02,42.44,42.98,43.46,43.99,44.54,45.08,45.65,46.36,47.21,48.11,49.23,50.26,51.39,52.21,53.25,54.24,55.58,56.74,58.09,59.5,61.2,62.5,63.52,64.51,65.51,66.37,67.19,68.18,68.87,69.76,70.77,71.52,72.43,73.59,75.01,76.72,78.64,99.59,100.0]","[0.57499999999998863,32.016999999999996,49.480000000000018,53.210000000000008,55.055000000000007,57.232,59.224000000000046,61.062999999999988,62.81,64.229000000000013,65.742000000000019,67.085000000000036,68.661999999999978,69.935999999999979,71.269,72.661,74.017999999999972,75.783999999999992,77.447,79.152000000000015,80.537999999999982,81.927,83.337999999999965,84.801999999999964,86.117000000000019,87.481,88.868,90.098,91.300999999999988,92.434999999999974,93.53000000000003,94.85899999999998,95.991999999999962,97.07,98.195,99.334,100.529,101.83599999999996,103.14799999999997,104.40800000000002,105.64500000000004,106.60000000000002,107.82799999999999,109.25000000000003,110.531,111.97199999999998,113.19599999999997,114.743,116.31899999999999,118.14800000000002,119.726,121.27999999999997,123.05800000000005,124.909,126.63099999999997,128.81400000000002,130.495,132.52099999999996,134.07099999999997,136.272,138.327,140.42699999999996,142.551,144.76399999999998,146.902,148.63600000000002,150.637,153.28300000000002,154.96200000000005,157.37300000000002,159.793,161.789,164.30599999999998,167.107,169.57299999999998,171.97,174.528,177.51099999999997,179.81699999999995,183.71300000000002,186.54500000000002,189.688,192.44799999999998,196.651,199.79200000000003,202.76899999999998,206.459,210.113,214.535,218.67300000000003,223.233,229.74400000000003,236.00300000000001,243.09299999999996,252.346,264.392,279.20300000000003,303.642,337.604,402.42,4294882.619]",338.603,258.569,10,3.364847255364201,16.048309630423198,1.5149708221389953,0.0
57396,Nigeria,NG,16.816245048417134,"[0.48,13.98,16.33,18.12,20.57,25.21,30.1,36.29,48.41,69.87,91.98,92.88,93.14,93.29,93.39,93.48,93.56,93.63,93.7,93.76,93.82,93.88,93.94,93.99,94.05,94.11,94.17,94.22,94.28,94.33,94.38,94.43,94.48,94.53,94.57,94.61,94.65,94.68,94.72,94.75,94.79,94.83,94.86,94.9,94.94,94.97,95.01,95.05,95.08,95.12,95.15,95.18,95.21,95.25,95.29,95.33,95.37,95.41,95.44,95.49,95.53,95.57,95.61,95.66,95.71,95.76,95.82,95.88,95.94,96.0,96.07,96.14,96.22,96.31,96.41,96.51,96.63,96.74,96.83,96.92,97.01,97.1,97.2,97.28,97.36,97.47,97.57,97.71,97.86,98.02,98.21,98.41,98.58,98.75,98.92,99.06,99.19,99.3,99.42,99.58,100.0]","[0.14199999999999946,15.509,16.898,17.356,17.674,17.892,18.093,18.288,18.458,18.616,18.733,18.859,19.036,19.237,19.436,19.615,19.784,19.974,20.14,20.322,20.525,20.732,20.94,21.143,21.352,21.512,21.694000000000003,21.833,21.983,22.126000000000005,22.278,22.422,22.557000000000002,22.671999999999997,22.763,22.877,23.03,23.189,23.367,23.533,23.7,23.86,24.029999999999998,24.194999999999997,24.384,24.573,24.745,24.921999999999997,25.108999999999995,25.282,25.428,25.618,25.838,26.089,26.326999999999998,26.552,26.755,26.975,27.269,27.572999999999979,27.889,28.227999999999994,28.637,29.075,29.491999999999997,29.895,30.349,30.77,31.384,32.116,32.956,33.972,34.867,35.883,36.941,37.882999999999996,38.718999999999994,39.763000000000005,40.809,41.964,43.07,44.556,45.986000000000004,47.407000000000004,49.532,51.726,54.76,58.778,63.905,70.812,78.472,87.667,98.656,110.16,123.36000000000001,142.072,161.13299999999998,185.215,223.723,307.193,4294966.163]",27.894,1.263,5,10.539076955699127,33.882553553021424,5.4272451256568015,0.0
16928,Netherlands,NL,11.76328615607957,"[2.31,28.49,37.11,41.59,44.51,47.19,49.39,51.36,53.44,55.7,58.22,60.63,62.92,65.05,67.01,68.42,69.76,70.71,71.52,72.16,72.81,73.39,74.01,74.53,75.0,75.45,75.89,76.24,76.59,76.9,77.18,77.42,77.69,77.97,78.21,78.42,78.65,78.87,79.05,79.27,79.44,79.64,79.82,80.0,80.2,80.36,80.53,80.7,80.88,81.01,81.16,81.3,81.45,81.6,81.72,81.89,82.04,82.17,82.32,82.45,82.6,82.74,82.88,83.02,83.17,83.31,83.44,83.59,83.75,83.91,84.07,84.23,84.38,84.54,84.71,84.87,85.04,85.19,85.36,85.51,85.69,85.88,86.05,86.26,86.46,86.7,86.95,87.23,87.51,87.83,88.21,88.58,88.9,89.29,89.72,90.34,91.16,92.56,94.89,98.81,100.0]","[0.78000000000000114,14.918000000000003,17.214,18.064,18.686,19.236000000000004,19.949,20.48,20.961999999999996,21.333,21.741,22.162999999999997,22.503,22.856,23.2,23.488,23.726,24.013,24.256,24.505,24.753999999999998,25.001,25.246000000000002,25.504999999999995,25.756999999999998,25.979999999999997,26.238,26.473999999999997,26.657,26.911,27.162,27.426000000000002,27.656,27.898000000000003,28.158,28.399,28.639000000000003,28.886,29.116,29.358999999999998,29.586,29.826999999999998,30.117,30.355999999999998,30.583000000000002,30.806000000000004,31.07,31.297000000000004,31.527,31.743000000000002,31.958000000000002,32.188,32.418,32.653,32.854,33.085000000000008,33.337999999999994,33.635000000000005,33.927,34.271,34.613,34.956,35.24,35.571,35.926,36.263999999999996,36.612,37.075,37.474000000000004,37.913999999999994,38.297000000000004,38.726,39.194999999999993,39.637,40.078,40.447,40.928,41.400000000000006,42.03,42.635,43.341,44.028999999999996,44.83,45.637,46.422,47.356,48.33,49.459,50.708,52.169,53.550000000000004,55.316,57.257,59.534000000000006,62.382999999999996,66.453,71.663999999999987,80.74499999999999,96.882,147.122,4294960.317]",41.0,7.148,7,11.412300753214698,51.058790497097164,5.9101466689492854,4.7819116398499282e-05
3201,Norway,NO,312.05635393556906,"[2.86,41.55,43.54,44.99,46.39,47.03,47.73,48.22,48.7,49.21,49.4,49.52,49.72,49.85,50.0,50.21,50.42,50.62,50.86,51.13,51.34,51.66,52.01,52.49,52.77,52.95,53.17,53.55,53.87,54.19,54.52,54.76,55.06,55.34,55.52,55.72,55.99,56.18,56.46,56.67,56.91,57.14,57.31,57.48,57.65,57.86,58.03,58.2,58.4,58.57,58.69,58.9,59.07,59.28,59.57,59.82,60.08,60.39,60.58,60.79,61.13,61.52,61.91,62.14,62.42,62.81,63.05,63.44,63.77,64.18,64.46,64.86,65.21,65.54,65.81,66.2,66.47,66.84,67.26,67.58,67.98,68.36,68.74,69.05,69.51,69.95,70.45,70.98,71.52,72.12,72.63,73.35,74.0,74.79,75.93,77.19,79.41,83.17,88.07,91.26,97.96]","[1.6329999999999956,18.894,20.799000000000003,21.932000000000002,22.93,23.349,24.017000000000003,24.454,24.82,25.148,25.543,25.702,25.822,25.978,26.134999999999998,26.308999999999997,26.522000000000002,26.710000000000004,26.902000000000005,27.153000000000002,27.389999999999997,27.655000000000005,27.917,28.291999999999998,28.584,28.987,29.313999999999997,29.58,29.811999999999998,30.165000000000003,30.531999999999996,30.853,31.342000000000002,31.694999999999997,31.979999999999997,32.313,32.608000000000004,32.864000000000004,33.137,33.414,33.653,33.844,34.228,34.584999999999994,34.856,35.214,35.497,35.884,36.135,36.366,36.646,36.891999999999996,37.194,37.507999999999996,37.782000000000004,38.137,38.652999999999992,39.040000000000006,39.518,40.037000000000006,40.468,41.013999999999996,41.60799999999999,42.22,42.694999999999993,43.105999999999995,43.807,44.442000000000007,44.952,45.581,46.168,46.932999999999993,47.7,48.308000000000007,49.055,49.846,50.426999999999992,50.955,51.736000000000004,52.552000000000007,53.483999999999995,54.493,55.36,56.34,57.707,58.935999999999993,60.278,61.613,63.107,65.004,66.800999999999988,69.559,71.873,75.214,79.033,84.58,96.997,127.35799999999999,191.563,258.354,1162.2479999999998]",62.615,26.152,8,9.5972131956788314,41.50501615778456,5.6964769132821038,2.7205915467876268e-05
196914,New Zealand,NZ,497.78627255004875,"[0.01,61.36,62.03,62.49,62.85,63.23,63.6,64.11,64.59,65.02,65.44,65.9,66.32,66.7,67.05,67.47,67.87,68.25,68.61,68.95,69.27,69.58,69.96,70.39,70.81,71.22,71.68,72.12,72.68,73.38,74.4,75.52,76.63,77.49,78.35,79.18,79.89,81.02,82.76,86.06,87.01,87.49,87.82,88.13,88.47,88.91,89.32,89.74,90.34,91.24,92.08,92.71,93.22,94.38,97.4,98.18,98.28,98.35,98.4,98.45,98.49,98.53,98.57,98.6,98.63,98.66,98.69,98.72,98.74,98.77,98.79,98.81,98.83,98.85,98.88,98.9,98.92,98.94,98.96,98.98,99.01,99.03,99.05,99.07,99.09,99.11,99.13,99.15,99.17,99.19,99.21,99.24,99.26,99.29,99.32,99.35,99.38,99.42,99.46,99.56,100.0]","[0.0019999999999988916,17.147999999999996,17.798000000000002,18.14,18.372,18.586,18.749000000000002,18.911,19.069999999999997,19.211,19.346999999999998,19.477,19.604999999999997,19.718,19.841,19.985,20.145,20.291000000000004,20.444,20.592,20.729,20.873,21.005,21.146,21.285,21.444000000000003,21.612000000000002,21.777,21.957,22.122,22.28,22.454,22.64,22.817,23.0,23.183,23.348,23.508000000000003,23.653000000000002,23.793,23.990999999999996,24.218,24.45,24.693,24.923000000000002,25.159999999999997,25.411,25.692999999999998,25.947,26.193,26.459,26.78,27.148,27.516000000000002,27.872999999999998,28.372000000000003,28.919999999999998,29.541,30.281,30.991999999999997,31.531,31.953,32.511,33.028999999999996,33.582,34.184999999999995,34.759,35.365,35.9,36.474000000000004,36.943,37.351,37.825,38.268,38.768,39.282,39.765,40.546,41.202,41.818,42.372000000000007,42.9,43.388999999999996,43.864999999999995,44.33,44.843,45.351,45.939,46.708000000000006,47.611,48.653000000000006,49.962999999999994,51.870999999999995,54.119,58.25,61.207,64.595,68.994,82.761,130.94,4294967.075]",31.68,2.815,5,15.237501669910493,59.2186288957654,7.0559251559459444,0.0
36211,Peru,PE,9.66899626581838,"[0.31,13.29,14.63,15.55,16.26,16.91,17.45,18.0,18.5,18.96,19.42,19.88,20.32,20.78,21.28,21.79,22.29,22.82,23.37,23.97,24.57,25.41,26.13,26.97,27.89,29.03,30.24,31.56,33.37,35.5,38.12,41.39,45.09,50.54,57.92,71.66,94.18,94.99,95.46,95.77,96.12,96.46,96.97,97.78,98.1,98.25,98.34,98.41,98.47,98.52,98.57,98.6,98.64,98.67,98.7,98.72,98.75,98.78,98.8,98.82,98.85,98.87,98.89,98.91,98.93,98.95,98.97,98.99,99.01,99.03,99.05,99.07,99.08,99.1,99.12,99.14,99.16,99.18,99.2,99.22,99.24,99.26,99.28,99.3,99.32,99.34,99.36,99.39,99.41,99.44,99.47,99.5,99.54,99.57,99.62,99.66,99.7,99.74,99.79,99.86,100.0]","[0.91399999999998727,16.219000000000008,17.507999999999996,18.286,18.778000000000006,19.211000000000002,19.573,19.843,20.198,20.535,20.846999999999994,21.12,21.371,21.639,21.863,22.114,22.342,22.536000000000016,22.728,22.936,23.175,23.355,23.548999999999992,23.702,23.846,24.051000000000002,24.273,24.511,24.727999999999998,24.931,25.123999999999995,25.319000000000003,25.503000000000014,25.692999999999998,25.865000000000009,26.049999999999997,26.238,26.375000000000014,26.52600000000001,26.718,26.958,27.172000000000011,27.401999999999997,27.595,27.762,27.965,28.256,28.509,28.757000000000005,29.021,29.268999999999991,29.544,29.811000000000007,30.116,30.35199999999999,30.593000000000004,30.847,31.122,31.391999999999996,31.632999999999996,31.809000000000012,32.155,32.566,32.957000000000008,33.316,33.769999999999996,34.263,34.718,35.204000000000008,35.733,36.336999999999996,36.955,37.681000000000012,38.44,39.309,40.0,41.206999999999994,42.258,43.439,44.900000000000006,46.429,48.006,50.257999999999996,52.569,55.163,58.498000000000005,61.545,65.25200000000001,69.336,72.98599999999999,76.211,80.421,85.384,91.845,98.771999999999991,108.24199999999999,122.67500000000001,146.269,179.60299999999998,272.64500000000004,4294967.135]",43.458,0.406,4,7.2428930277497772,17.564715381873217,4.1478210740258348,0.0
237591,Philippines,PH,10.858953175931065,"[0.0,8.52,9.49,10.08,10.54,10.92,11.28,11.64,12.0,12.35,12.71,13.08,13.48,13.94,14.44,15.05,15.88,17.08,19.7,25.99,29.17,30.58,31.84,33.55,36.91,40.65,44.47,47.17,48.1,48.85,49.58,50.39,51.76,54.76,60.88,67.54,78.05,87.21,87.68,88.22,89.63,94.59,95.09,95.44,95.65,95.81,95.95,96.05,96.14,96.21,96.28,96.34,96.4,96.45,96.51,96.55,96.6,96.64,96.68,96.72,96.76,96.8,96.84,96.88,96.92,96.97,97.01,97.05,97.09,97.13,97.18,97.22,97.26,97.3,97.34,97.38,97.43,97.47,97.51,97.55,97.59,97.64,97.69,97.74,97.79,97.85,97.92,98.0,98.09,98.18,98.28,98.39,98.55,98.76,98.98,99.21,99.43,99.51,99.57,99.68,100.0]","[0.0090000000000003411,15.978000000000009,18.218000000000004,19.073999999999984,19.654000000000025,20.125,20.502000000000002,20.84099999999998,21.149,21.425,21.67,21.896,22.104,22.283999999999992,22.474000000000018,22.658,22.819000000000017,22.988,23.132,23.296999999999997,23.501,23.719,23.951999999999998,24.146,24.341,24.539000000000016,24.733999999999998,24.925,25.108,25.272,25.444,25.605999999999998,25.759,25.91,26.092000000000013,26.287000000000003,26.488,26.695000000000022,26.886,27.067,27.247,27.469000000000023,27.737,28.02,28.294,28.582,28.89,29.204999999999984,29.514000000000003,29.817000000000007,30.118000000000023,30.384,30.665,30.914999999999992,31.129000000000005,31.372,31.715000000000003,32.087,32.473000000000006,32.925000000000004,33.414,33.922,34.422,34.891999999999996,35.311,35.906,36.531,37.317,38.265,39.174,40.591,42.123000000000005,44.157000000000011,46.62,49.657000000000004,53.375,57.943,62.771,66.548,68.195,69.524999999999991,70.848,72.16,73.581000000000017,75.139999999999986,77.12299999999999,80.032,86.129,97.713,113.577,121.164,124.827,128.845,138.662,155.332,171.466,179.473,194.695,225.117,307.75600000000003,4294966.5709999995]",44.101,0.935,6,7.19469847449592,19.640699709898147,3.4098252199812307,0.00022382456323523438
656,Poland,PL,7.587887295075519,"[3.51,51.58,54.96,55.86,56.99,57.66,58.84,59.8,60.55,60.96,61.56,62.27,62.88,63.78,64.3,64.8,65.02,65.38,65.75,65.92,66.28,66.5,66.77,66.98,67.32,67.66,68.03,68.41,68.78,69.13,69.27,69.64,69.87,70.14,70.41,70.49,70.6,70.78,71.01,71.17,71.31,71.43,71.54,71.66,71.76,71.89,72.06,72.19,72.41,72.58,72.69,72.8,72.91,73.03,73.16,73.24,73.32,73.43,73.53,73.64,73.75,73.88,74.04,74.21,74.31,74.38,74.41,74.5,74.55,74.74,74.98,75.11,75.31,75.47,75.62,75.9,76.15,76.39,76.48,76.83,77.05,77.26,77.64,77.91,78.31,78.51,78.82,79.08,79.6,80.09,80.51,80.73,81.16,81.77,82.29,83.6,84.32,86.08,87.12,90.44,97.73]","[2.0330000000000013,18.771,19.465999999999998,20.047000000000004,20.875999999999998,22.095999999999997,22.997,23.326,23.954,24.548000000000002,25.171999999999997,26.111999999999995,26.912,27.403000000000002,27.592000000000006,28.258000000000003,28.506,28.81,29.214999999999996,29.654,29.996000000000002,30.201999999999998,30.556,31.475,31.757,32.025,32.75,33.166,33.591,34.275,34.703999999999994,35.06,35.358,35.649,35.971000000000004,36.159,36.362,36.711,37.021,37.209999999999994,37.461999999999996,37.876,38.163,38.379000000000005,38.53,38.792,39.202,39.67,39.808,40.066,40.149,40.454,40.643,40.841,41.012,41.112,41.374,41.656,42.162,42.334,42.638,42.763999999999996,43.009,43.223,43.449999999999996,43.669,43.928,43.994,44.214,44.51,44.903999999999996,45.535,45.84,46.317,46.804,47.488,48.463,49.179,49.38300000000001,49.948,50.856999999999992,51.907,52.639,53.608999999999995,54.379000000000005,55.071000000000005,56.572,57.169000000000011,58.953,60.108,62.733,64.152,65.530999999999992,68.011,70.638,76.765,81.197,93.199,100.48400000000001,141.221,647.04099999999994]",55.617,15.026,5,7.7741576228280529,29.248211520732109,4.1831056758735627,0.00013112539208546973
27201,Portugal,PT,4.9620375910450836,"[0.11,9.21,13.74,16.39,18.24,20.02,21.96,24.18,28.82,38.69,43.02,46.86,51.37,55.24,57.23,58.43,59.42,60.08,60.76,61.34,61.88,62.28,62.68,63.06,63.41,63.75,64.13,64.43,64.72,65.01,65.31,65.57,65.81,66.06,66.31,66.54,66.76,67.01,67.28,67.5,67.73,67.99,68.21,68.46,68.72,68.95,69.19,69.39,69.62,69.82,70.02,70.23,70.44,70.64,70.84,71.05,71.22,71.41,71.61,71.81,72.02,72.23,72.43,72.63,72.85,73.05,73.25,73.47,73.67,73.89,74.11,74.34,74.57,74.81,75.06,75.32,75.54,75.81,76.09,76.38,76.69,77.01,77.38,77.78,78.22,78.77,79.4,80.07,80.84,81.94,83.38,84.97,87.12,90.35,92.26,92.66,93.05,93.46,93.8,94.52,100.0]","[0.039999999999999147,4.628,14.547000000000004,17.591,18.832,19.653999999999996,20.338,20.985,21.477000000000004,21.836999999999996,22.208000000000002,22.592,22.907000000000004,23.181,23.427999999999997,23.650000000000006,23.875999999999998,24.066000000000003,24.233000000000004,24.432000000000002,24.613,24.776,24.958000000000002,25.116999999999997,25.28,25.452,25.632999999999996,25.791999999999987,25.942,26.097,26.241000000000003,26.374000000000002,26.511,26.652,26.786,26.929000000000002,27.069999999999997,27.208999999999996,27.349000000000004,27.509,27.662000000000003,27.825,27.962,28.122,28.268,28.437999999999995,28.595,28.772,28.942999999999998,29.095000000000002,29.245000000000005,29.392000000000003,29.561999999999998,29.738999999999997,29.892000000000003,30.069999999999997,30.254,30.430999999999997,30.583,30.769,30.962000000000003,31.138999999999996,31.305999999999997,31.510999999999996,31.716,31.921,32.121,32.316,32.557,32.800000000000004,33.010999999999996,33.249,33.52,33.828,34.112,34.417,34.723,35.08,35.449999999999996,35.868,36.388,36.952,37.567,38.369,39.337999999999994,40.667999999999992,42.436,45.031,48.345,52.937000000000005,57.006000000000007,61.831,71.03,114.922,121.76699999999998,125.265,127.78200000000001,130.589,135.036,146.137,4294951.88]",42.937,12.741,4,14.724227978860105,45.911074594722585,7.2988287060169794,0.0
1847,Sweden,SE,36.962878164750613,"[2.85,19.31,26.28,32.76,41.2,43.14,44.69,46.24,47.24,48.18,48.88,49.74,50.26,50.72,51.09,51.55,51.86,52.14,52.47,52.72,53.17,53.48,53.94,54.46,54.91,55.25,55.65,55.9,56.25,56.61,56.83,57.18,57.51,57.73,58.06,58.35,58.69,58.9,59.13,59.35,59.52,59.7,59.96,60.2,60.33,60.59,60.8,61.01,61.23,61.52,61.78,61.97,62.12,62.39,62.59,62.85,63.13,63.39,63.72,63.99,64.23,64.41,64.62,64.96,65.16,65.35,65.55,65.77,66.03,66.3,66.6,66.86,67.04,67.27,67.65,67.92,68.12,68.52,68.93,69.31,69.65,70.23,70.61,71.08,71.8,72.43,73.05,73.47,73.9,74.4,75.53,75.99,77.17,78.56,80.08,83.16,86.51,87.3,89.29,92.53,100.0]","[3.1099999999999994,18.276000000000003,18.913,19.866,20.837999999999997,21.851,22.97,23.958000000000002,24.353,25.061000000000003,25.668999999999997,26.086999999999996,26.421,26.825,27.170999999999996,27.460000000000004,27.738000000000003,27.994,28.288,28.555,28.810000000000002,29.182000000000002,29.575999999999997,29.829,30.130999999999997,30.628,31.010000000000005,31.409000000000002,31.749,32.069999999999993,32.408,32.679999999999993,32.985,33.284,33.483,33.800000000000004,34.01,34.297,34.476,34.754999999999995,34.934,35.233999999999995,35.563,35.769999999999996,35.962,36.36,36.64,36.900999999999996,37.045,37.303,37.513,37.753,38.038,38.263000000000005,38.653000000000006,38.882999999999996,39.146000000000008,39.48,39.797,40.001,40.513000000000005,40.772,41.209999999999994,41.456,41.93,42.275,42.632999999999996,42.897999999999996,43.309,44.00500000000001,44.511999999999993,45.061,45.783,46.495999999999995,47.358,47.962,48.736000000000004,49.498999999999995,50.465,51.178,51.931,52.885999999999996,54.296000000000006,56.013999999999996,57.675,59.180000000000007,60.84,63.230000000000004,65.617,68.404,71.223,73.88900000000001,79.051999999999992,90.767,110.42599999999999,117.85199999999999,127.345,137.462,175.262,266.83599999999996,4294941.415]",61.911,24.706,7,14.258935420725535,53.286434543551458,6.0514708227714378,6.61961747279554e-05
16,Singapore,SG,16.348256182644175,"[4.03,4.03,4.03,4.03,4.03,4.03,4.03,37.25,37.25,37.25,37.25,37.25,37.25,38.42,38.42,38.42,38.42,38.42,38.42,41.03,41.03,41.03,41.03,41.03,41.03,41.03,41.97,41.97,41.97,41.97,41.97,41.97,43.24,43.24,43.24,43.24,43.24,43.24,44.19,44.19,44.19,44.19,44.19,44.19,48.58,48.58,48.58,48.58,48.58,48.58,48.58,51.46,51.46,51.46,51.46,51.46,51.46,66.88,66.88,66.88,66.88,66.88,66.88,91.89,91.89,91.89,91.89,91.89,91.89,92.23,92.23,92.23,92.23,92.23,92.23,92.23,92.38,92.38,92.38,92.38,92.38,92.38,92.83,92.83,92.83,92.83,92.83,92.83,94.31,94.31,94.31,94.31,94.31,94.31,95.9,95.9,95.9,95.9,95.9,95.9,95.9]","[1.3399999999999999,1.3399999999999999,1.3399999999999999,1.3399999999999999,1.3399999999999999,1.3399999999999999,1.3399999999999999,19.049000000000003,19.049000000000003,19.049000000000003,19.049000000000003,19.049000000000003,19.049000000000003,19.634,19.634,19.634,19.634,19.634,19.634,19.734,19.734,19.734,19.734,19.734,19.734,19.734,20.676000000000002,20.676000000000002,20.676000000000002,20.676000000000002,20.676000000000002,20.676000000000002,21.092,21.092,21.092,21.092,21.092,21.092,21.455999999999996,21.455999999999996,21.455999999999996,21.455999999999996,21.455999999999996,21.455999999999996,22.220000000000002,22.220000000000002,22.220000000000002,22.220000000000002,22.220000000000002,22.220000000000002,22.220000000000002,22.546,22.546,22.546,22.546,22.546,22.546,24.371,24.371,24.371,24.371,24.371,24.371,24.869,24.869,24.869,24.869,24.869,24.869,26.189,26.189,26.189,26.189,26.189,26.189,26.189,26.888,26.888,26.888,26.888,26.888,26.888,30.180000000000003,30.180000000000003,30.180000000000003,30.180000000000003,30.180000000000003,30.180000000000003,32.456999999999994,32.456999999999994,32.456999999999994,32.456999999999994,32.456999999999994,32.456999999999994,64.61,64.61,64.61,64.61,64.61,64.61,64.61]",52.711,31.931,5,17.133847261232162,123.8097516537252,7.3959052838267469,0.0
22,Slovenia,SI,19.592001848838013,"[53.59,53.59,53.59,53.59,53.59,58.61,58.61,58.61,58.61,58.61,59.61,59.61,59.61,59.61,62.92,62.92,62.92,62.92,62.92,64.87,64.87,64.87,64.87,66.92,66.92,66.92,66.92,66.92,68.15,68.15,68.15,68.15,68.91,68.91,68.91,68.91,68.91,69.02,69.02,69.02,69.02,69.12,69.12,69.12,69.12,69.12,70.36,70.36,70.36,70.36,70.36,73.95,73.95,73.95,73.95,81.24,81.24,81.24,81.24,81.24,82.56,82.56,82.56,82.56,90.41,90.41,90.41,90.41,90.41,90.94,90.94,90.94,90.94,98.64,98.64,98.64,98.64,98.64,98.65,98.65,98.65,98.65,98.66,98.66,98.66,98.66,98.66,98.88,98.88,98.88,98.88,98.89,98.89,98.89,98.89,98.89,99.03,99.03,99.03,99.03,99.03]","[25.378999999999998,25.378999999999998,25.378999999999998,25.378999999999998,25.378999999999998,27.393,27.393,27.393,27.393,27.393,27.861,27.861,27.861,27.861,33.385999999999996,33.385999999999996,33.385999999999996,33.385999999999996,33.385999999999996,36.327,36.327,36.327,36.327,36.946,36.946,36.946,36.946,36.946,40.494,40.494,40.494,40.494,40.676,40.676,40.676,40.676,40.676,40.76,40.76,40.76,40.76,41.154,41.154,41.154,41.154,41.154,45.234,45.234,45.234,45.234,45.234,52.323000000000008,52.323000000000008,52.323000000000008,52.323000000000008,62.554,62.554,62.554,62.554,62.554,64.658,64.658,64.658,64.658,65.22399999999999,65.22399999999999,65.22399999999999,65.22399999999999,65.22399999999999,65.74,65.74,65.74,65.74,68.407,68.407,68.407,68.407,68.407,76.225,76.225,76.225,76.225,79.193999999999988,79.193999999999988,79.193999999999988,79.193999999999988,79.193999999999988,88.231,88.231,88.231,88.231,137.382,137.382,137.382,137.382,137.382,146.148,146.148,146.148,146.148,146.148]",64.286,18.172,5,14.646544069296207,38.253271139592876,8.346592827122354,0.061329044883865987
10647412,United States,US,19.516445769558494,"[0.0,54.83,74.11,83.96,91.12,93.63,94.51,95.18,95.69,96.12,96.45,96.75,97.01,97.25,97.45,97.62,97.76,97.88,97.98,98.07,98.15,98.22,98.29,98.34,98.39,98.44,98.49,98.53,98.56,98.6,98.63,98.66,98.69,98.71,98.74,98.76,98.79,98.81,98.83,98.85,98.87,98.88,98.9,98.92,98.94,98.95,98.97,98.98,99.0,99.01,99.02,99.04,99.05,99.06,99.08,99.09,99.1,99.11,99.12,99.14,99.15,99.16,99.17,99.18,99.19,99.21,99.22,99.23,99.24,99.25,99.26,99.27,99.28,99.29,99.31,99.32,99.33,99.34,99.35,99.36,99.37,99.39,99.4,99.41,99.42,99.44,99.45,99.46,99.48,99.49,99.51,99.52,99.54,99.56,99.58,99.6,99.63,99.66,99.7,99.77,100.0]","[0.00099999999999766942,18.008,19.253999999999998,20.031000000000002,20.652,21.156000000000002,21.606,22.028,22.378,22.695,22.976,23.246,23.476999999999997,23.695,23.907999999999998,24.174,24.436,24.694,24.935000000000002,25.175,25.407999999999998,25.637,25.836000000000002,26.049,26.249,26.442999999999998,26.65,26.862000000000002,27.092,27.308,27.536,27.732,27.955000000000002,28.177999999999997,28.414,28.629,28.84,29.052,29.259,29.471,29.680000000000003,29.872,30.083000000000002,30.279,30.475,30.659,30.839,31.032,31.209,31.384,31.546,31.706,31.864000000000004,32.083,32.32,32.573,32.805,33.058000000000007,33.319,33.62,33.911,34.215999999999994,34.515,34.822,35.149,35.482,35.791,36.143,36.504000000000005,36.846999999999994,37.193999999999996,37.602000000000004,38.007,38.42,38.832,39.23,39.618,40.008,40.622,41.269000000000005,41.993,42.717,43.586,44.495999999999995,45.444999999999993,46.344,47.254,48.137,49.444,50.815999999999995,52.321000000000005,53.839,55.572,57.66,60.377,63.828,68.404,74.27,86.257,115.538,4294967.179]",32.178,0.312,5,9.18481225862374,34.151914226769819,4.2019315892877307,0.00061068526295138812